Model,Accuracy,Precision,Recall,F1,ROC_AUC,PR_AUC
Logistic Regression,0.759403832505323,0.5362318840579711,0.6925133689839572,0.6044340723453909,0.8358547107907723,0.658656455291328
Random Forest,0.7821149751596878,0.5717344753747323,0.713903743315508,0.6349583828775267,0.8382159187785786,0.6527103446906474
XGBoost,0.7778566359119943,0.5788113695090439,0.5989304812834224,0.5886990801576872,0.8219574259216204,0.6313282947820467
LightGBM,0.7764371894960965,0.5774278215223098,0.5882352941176471,0.5827814569536424,0.8219858430855873,0.6353056221238914
